"case_id","label","description","detection_rule","expected_severity","expected_reconciler_lat_source","expected_needs_followup","fixture_name","policy_notes","observed_count_in_v080"
"G01","Both ADECE and Melissa coords missing","Neither ADECE (latitude/longitude) nor Melissa (LAT/LNG) coordinates are available. Hard fail because the row contributes no usable geometry to the master table.","is.na(latitude) & is.na(longitude) & (is.na(LAT) | LAT == '') & (is.na(LNG) | LNG == '')","ERROR","none",TRUE,"g01_both_missing","Hard-block in geocode_validate(); cannot reconcile. Never observed in v0.8.0 - included as defensive contract guard.","0"
"G02","Both present, exact agreement (<10m)","Both ADECE and Melissa coordinates present and haversine distance is below 10m. Reconciler accepts melissa as authoritative.","!is.na(latitude) & !is.na(LAT_num) & dist_m < 10","PASS","melissa",FALSE,"g02_exact_agreement","Pass-through; band='exact'. Melissa wins per default authoritative_priority='melissa_first'.","~320"
"G03","Both present, tight agreement (10-100m)","Both coordinates present, distance 10-100m. Typical for GS05 Rooftop vs ADECE street-level entry; well within rooftop expected accuracy (~90m).","!is.na(latitude) & !is.na(LAT_num) & dist_m >= 10 & dist_m < 100","PASS","melissa",FALSE,"g03_tight_agreement","Pass-through; band='tight'. Median of v0.8.0 distribution sits here (overall median 102m).","~1300"
"G04","Both present, loose agreement (100m-1km)","Both coordinates present, distance 100m-1km. Within precision tier of GS06 Interpolated Rooftop (128m median) and acceptable GS01 Zip+4 spread.","!is.na(latitude) & !is.na(LAT_num) & dist_m >= 100 & dist_m < 1000","INFO","melissa",FALSE,"g04_loose_agreement","Reconciler still accepts melissa; band='loose'; logged for diagnostic distribution but no manual review required.","~1230"
"G05","Both present, drift (1-10km)","Both coordinates present, distance 1-10km. Suggests ADECE address coarseness or normalization artifact. Acceptable for GS03 ZIP5 Community Centroid (4001m median), suspicious for GS05/GS06.","!is.na(latitude) & !is.na(LAT_num) & dist_m >= 1000 & dist_m < 10000","WARN","melissa",TRUE,"g05_drift","Band='drift'; melissa wins but needs_followup=TRUE so analyst can verify the ADECE address.","~330"
"G06","Both present, gross outlier (>=10km)","Both coordinates present, distance >= 10km. Bryan Elementary (57km) and Loachapoka (37km) class. Almost certainly an ADECE address-entry error carried across years.","!is.na(latitude) & !is.na(LAT_num) & dist_m >= 10000","WARN","disputed_melissa",TRUE,"g06_gross_outlier","Band='gross'. lat_source flagged 'disputed_melissa' so master_geocode preserves both coords for forensic review. Priority queue entry.","33"
"G07","ADECE missing, Melissa present, acceptable RESULTCODE (rooftop/Zip+4)","ADECE coords missing but Melissa supplied a high-precision geocode (GS05 Rooftop / GS01 Zip+4 Street Level). This is the rescue path - Melissa fills the gap with credible accuracy.","is.na(latitude) & !is.na(LAT_num) & RESULTCODE %in% c('GS01','GS05')","INFO","melissa",FALSE,"g07_adece_missing_rescue","Standard rescue path; band='melissa_rescue'. Covers majority of the 184 ADECE-missing rows.","~165"
"G08","ADECE missing, Melissa present, low-precision RESULTCODE (centroid/interpolated)","ADECE coords missing and Melissa returned a low-precision geocode (GS03 ZIP5 centroid or GS06 Interpolated Rooftop). Master accepts melissa but flags for follow-up so an exact address can be obtained.","is.na(latitude) & !is.na(LAT_num) & RESULTCODE %in% c('GS03','GS06')","WARN","melissa",TRUE,"g08_adece_missing_lowprec","Rescue path but flagged. Covers the residual ADECE-missing rows where Melissa precision is suspect.","~19"
"G09","ADECE present, Melissa missing","Melissa LAT/LNG missing even though geocode_address was sent. Violates the Melissa delivery contract (LAT/LNG always present in v0.8.0). Hard fail.","!is.na(latitude) & (is.na(LAT_num) | LAT == '' | is.na(LNG_num) | LNG == '')","ERROR","adece",FALSE,"g09_melissa_missing","Hard-block; geocode_validate() raises. Never observed in v0.8.0; signals vendor contract violation in a future delivery.","0"
"G10","site_code missing (new rows)","ADECE row lacks site_code - these are the 108 _new rows in the 2025-2026_new school_year cohort. row_id pattern is '{YYYY-YYYY}_new_NNNN' instead of '{YYYY-YYYY}_{site_code}'.","is.na(site_code) | site_code == ''","INFO","melissa",TRUE,"g10_site_code_missing","Allowed by config (is_required=FALSE). Master keeps the row; needs_followup=TRUE so site_code is assigned downstream once ADECE confirms.","108"
"G11","ADECE coord outside Alabama bounds","ADECE latitude/longitude falls outside AL bounds (lat 30-36, lng -89 to -84). Suggests data entry error (transposed lat/lng, missing negative sign, etc.).","!is.na(latitude) & (latitude < cfg$al_lat_bounds[1] | latitude > cfg$al_lat_bounds[2] | longitude < cfg$al_lng_bounds[1] | longitude > cfg$al_lng_bounds[2])","WARN","melissa",TRUE,"g11_adece_out_of_bounds","Reconciler prefers melissa; band='adece_oob'. Theoretical / forward-compat - not observed in v0.8.0.","0"
"G12","Melissa coord outside Alabama bounds","Melissa LAT/LNG falls outside AL bounds. Implies a vendor mis-geocode (wrong state, parsing failure) and disqualifies the melissa coord from master.","!is.na(LAT_num) & (LAT_num < cfg$al_lat_bounds[1] | LAT_num > cfg$al_lat_bounds[2] | LNG_num < cfg$al_lng_bounds[1] | LNG_num > cfg$al_lng_bounds[2])","ERROR","adece",TRUE,"g12_melissa_out_of_bounds","Hard-flag; reconciler falls back to ADECE if present, else 'none'. Forward-compat guard.","0"
"G13","RESULTCODE outside documented set","Melissa RESULTCODE value not in {GS01..GS08}. Forward-compatibility guard for new Melissa precision tiers.","!(RESULTCODE %in% c('GS01','GS02','GS03','GS04','GS05','GS06','GS07','GS08'))","WARN","melissa",TRUE,"g13_unknown_resultcode","Reconciler treats unknown code conservatively (acts like GS03). v0.8.0 observed only GS01/GS03/GS05/GS06.","0"
"G14","has_latlon TRUE but latitude is NA","Logical-consistency violation: has_latlon must equal !is.na(latitude). Indicates upstream clean step or ADECE export corruption.","has_latlon == TRUE & is.na(latitude)","ERROR","none",FALSE,"g14_has_latlon_inconsistent","Hard-block in geocode_validate(); deterministic invariant.","0"
"G15","row_id duplicate","Two or more rows share an identical row_id. row_id is the primary join key to ADECE classrooms; duplicates corrupt the master join.","duplicated(row_id) | duplicated(row_id, fromLast = TRUE)","ERROR","none",FALSE,"g15_row_id_duplicate","Hard-block; geocode_validate() raises. v0.8.0 row_id is 100% unique (3396 distinct).","0"
"G16","ADECE county does not match Melissa COUNTYNAME","ADECE-recorded county disagrees with Melissa-resolved COUNTYNAME for the same row. Examples: Loachapoka (ADECE Chambers vs Melissa Lee), Samson (ADECE Coffee vs Melissa Geneva). Strong signal of ADECE address-entry error.","!is.na(adece_county_norm) & !is.na(melissa_county_norm) & adece_county_norm != melissa_county_norm","WARN","disputed_melissa",TRUE,"g16_county_mismatch","Co-occurs with G06 in real data. Reconciler keeps melissa but marks lat_source='disputed_melissa' and needs_followup=TRUE. Surfaces ADECE county metadata correction queue.","~6 within top-50"
"G17","Persistent multi-year outlier (3+ years, identical distance)","Same site_code shows an identical ADECE-Melissa distance across 3 or more school_years. Confirms the discrepancy is a stable ADECE source-data issue, not coordinate drift.","Group by site_code; n_distinct(round(dist_m, 0)) == 1 & n_distinct(school_year) >= 3 & max(dist_m) > 1000","INFO","disputed_melissa",TRUE,"g17_persistent_multiyear","Diagnostic / priority queue marker. Detected in the validator's panel-level pass, not per-row. 11 sites in v0.8.0 top-50 outliers.","11"
"G18","Surprising GS05 outlier (rooftop > 5km)","RESULTCODE GS05 (Rooftop) but ADECE-Melissa distance > 5km. GS05 should be sub-100m; large distance implies ADECE address-error rather than Melissa precision issue.","RESULTCODE == 'GS05' & !is.na(latitude) & !is.na(LAT_num) & dist_m > 5000","WARN","disputed_melissa",TRUE,"g18_surprising_gs05","More informative than G06 alone: signals ADECE address is wrong (since GS05 Rooftop is high-precision). 21 rows in v0.8.0 (0.8% of GS05).","21"
